competition,ut_id,category_id,cat_country,season_id,season_label,source,url,http_status,final_url,ok,note
Premier League,17,1,England,76986,25/26,discoveries,https://www.sofascore.com/football/unique-tournament/17/season/76986,404,https://www.sofascore.com/football/unique-tournament/17/season/76986,False,
Premier League,17,1,England,61627,24/25,discoveries,https://www.sofascore.com/football/unique-tournament/17/season/61627,404,https://www.sofascore.com/football/unique-tournament/17/season/61627,False,
Premier League,17,1,England,52186,23/24,discoveries,https://www.sofascore.com/football/unique-tournament/17/season/52186,404,https://www.sofascore.com/football/unique-tournament/17/season/52186,False,
Premier League,17,1,England,41886,22/23,discoveries,https://www.sofascore.com/football/unique-tournament/17/season/41886,404,https://www.sofascore.com/football/unique-tournament/17/season/41886,False,
Premier League,17,1,England,37036,21/22,discoveries,https://www.sofascore.com/football/unique-tournament/17/season/37036,404,https://www.sofascore.com/football/unique-tournament/17/season/37036,False,
Premier League,17,1,England,29415,20/21,discoveries,https://www.sofascore.com/football/unique-tournament/17/season/29415,404,https://www.sofascore.com/football/unique-tournament/17/season/29415,False,
Premier League,17,1,England,23776,19/20,discoveries,https://www.sofascore.com/football/unique-tournament/17/season/23776,404,https://www.sofascore.com/football/unique-tournament/17/season/23776,False,
Premier League,17,1,England,17359,18/19,discoveries,https://www.sofascore.com/football/unique-tournament/17/season/17359,404,https://www.sofascore.com/football/unique-tournament/17/season/17359,False,
Premier League,17,1,England,13380,17/18,discoveries,https://www.sofascore.com/football/unique-tournament/17/season/13380,404,https://www.sofascore.com/football/unique-tournament/17/season/13380,False,
Premier League,17,1,England,11733,16/17,discoveries,https://www.sofascore.com/football/unique-tournament/17/season/11733,404,https://www.sofascore.com/football/unique-tournament/17/season/11733,False,
Premier League,17,1,England,10356,15/16,discoveries,https://www.sofascore.com/football/unique-tournament/17/season/10356,404,https://www.sofascore.com/football/unique-tournament/17/season/10356,False,
La Liga,8,32,Spain,77559,25/26,discoveries,https://www.sofascore.com/football/unique-tournament/8/season/77559,404,https://www.sofascore.com/football/unique-tournament/8/season/77559,False,
La Liga,8,32,Spain,61643,24/25,discoveries,https://www.sofascore.com/football/unique-tournament/8/season/61643,404,https://www.sofascore.com/football/unique-tournament/8/season/61643,False,
La Liga,8,32,Spain,52376,23/24,discoveries,https://www.sofascore.com/football/unique-tournament/8/season/52376,404,https://www.sofascore.com/football/unique-tournament/8/season/52376,False,
La Liga,8,32,Spain,42409,22/23,discoveries,https://www.sofascore.com/football/unique-tournament/8/season/42409,404,https://www.sofascore.com/football/unique-tournament/8/season/42409,False,
La Liga,8,32,Spain,37223,21/22,discoveries,https://www.sofascore.com/football/unique-tournament/8/season/37223,404,https://www.sofascore.com/football/unique-tournament/8/season/37223,False,
La Liga,8,32,Spain,32501,20/21,discoveries,https://www.sofascore.com/football/unique-tournament/8/season/32501,404,https://www.sofascore.com/football/unique-tournament/8/season/32501,False,
La Liga,8,32,Spain,24127,19/20,discoveries,https://www.sofascore.com/football/unique-tournament/8/season/24127,404,https://www.sofascore.com/football/unique-tournament/8/season/24127,False,
La Liga,8,32,Spain,18020,18/19,discoveries,https://www.sofascore.com/football/unique-tournament/8/season/18020,404,https://www.sofascore.com/football/unique-tournament/8/season/18020,False,
La Liga,8,32,Spain,13662,17/18,discoveries,https://www.sofascore.com/football/unique-tournament/8/season/13662,404,https://www.sofascore.com/football/unique-tournament/8/season/13662,False,
La Liga,8,32,Spain,11906,16/17,discoveries,https://www.sofascore.com/football/unique-tournament/8/season/11906,404,https://www.sofascore.com/football/unique-tournament/8/season/11906,False,
La Liga,8,32,Spain,10495,15/16,discoveries,https://www.sofascore.com/football/unique-tournament/8/season/10495,404,https://www.sofascore.com/football/unique-tournament/8/season/10495,False,
La Liga,8,32,Spain,91246,1969/1970,discoveries,https://www.sofascore.com/football/unique-tournament/8/season/91246,404,https://www.sofascore.com/football/unique-tournament/8/season/91246,False,
Serie A,23,31,Italy,76457,25/26,discoveries,https://www.sofascore.com/football/unique-tournament/23/season/76457,404,https://www.sofascore.com/football/unique-tournament/23/season/76457,False,
Serie A,23,31,Italy,63515,24/25,discoveries,https://www.sofascore.com/football/unique-tournament/23/season/63515,404,https://www.sofascore.com/football/unique-tournament/23/season/63515,False,
Serie A,23,31,Italy,52760,23/24,discoveries,https://www.sofascore.com/football/unique-tournament/23/season/52760,404,https://www.sofascore.com/football/unique-tournament/23/season/52760,False,
Serie A,23,31,Italy,42415,22/23,discoveries,https://www.sofascore.com/football/unique-tournament/23/season/42415,404,https://www.sofascore.com/football/unique-tournament/23/season/42415,False,
Serie A,23,31,Italy,37475,21/22,discoveries,https://www.sofascore.com/football/unique-tournament/23/season/37475,404,https://www.sofascore.com/football/unique-tournament/23/season/37475,False,
Serie A,23,31,Italy,32523,20/21,discoveries,https://www.sofascore.com/football/unique-tournament/23/season/32523,404,https://www.sofascore.com/football/unique-tournament/23/season/32523,False,
Serie A,23,31,Italy,24644,19/20,discoveries,https://www.sofascore.com/football/unique-tournament/23/season/24644,404,https://www.sofascore.com/football/unique-tournament/23/season/24644,False,
Serie A,23,31,Italy,17932,18/19,discoveries,https://www.sofascore.com/football/unique-tournament/23/season/17932,404,https://www.sofascore.com/football/unique-tournament/23/season/17932,False,
Serie A,23,31,Italy,13768,17/18,discoveries,https://www.sofascore.com/football/unique-tournament/23/season/13768,404,https://www.sofascore.com/football/unique-tournament/23/season/13768,False,
Serie A,23,31,Italy,11966,16/17,discoveries,https://www.sofascore.com/football/unique-tournament/23/season/11966,404,https://www.sofascore.com/football/unique-tournament/23/season/11966,False,
Serie A,23,31,Italy,10596,15/16,discoveries,https://www.sofascore.com/football/unique-tournament/23/season/10596,404,https://www.sofascore.com/football/unique-tournament/23/season/10596,False,
Serie A,23,31,Italy,91132,1969/1970,discoveries,https://www.sofascore.com/football/unique-tournament/23/season/91132,404,https://www.sofascore.com/football/unique-tournament/23/season/91132,False,
Serie A,23,31,Italy,91135,1968/1969,discoveries,https://www.sofascore.com/football/unique-tournament/23/season/91135,404,https://www.sofascore.com/football/unique-tournament/23/season/91135,False,
Serie A,23,31,Italy,91136,1967/1968,discoveries,https://www.sofascore.com/football/unique-tournament/23/season/91136,404,https://www.sofascore.com/football/unique-tournament/23/season/91136,False,
Serie A,23,31,Italy,91172,1966/1967,discoveries,https://www.sofascore.com/football/unique-tournament/23/season/91172,404,https://www.sofascore.com/football/unique-tournament/23/season/91172,False,
Serie A,23,31,Italy,91182,1965/1966,discoveries,https://www.sofascore.com/football/unique-tournament/23/season/91182,404,https://www.sofascore.com/football/unique-tournament/23/season/91182,False,
Bundesliga,35,30,Germany,77849,25/26,discoveries,https://www.sofascore.com/football/unique-tournament/35/season/77849,404,https://www.sofascore.com/football/unique-tournament/35/season/77849,False,
Bundesliga,35,30,Germany,61412,24/25,discoveries,https://www.sofascore.com/football/unique-tournament/35/season/61412,404,https://www.sofascore.com/football/unique-tournament/35/season/61412,False,
Bundesliga,35,30,Germany,52384,23/24,discoveries,https://www.sofascore.com/football/unique-tournament/35/season/52384,404,https://www.sofascore.com/football/unique-tournament/35/season/52384,False,
Bundesliga,35,30,Germany,42422,22/23,discoveries,https://www.sofascore.com/football/unique-tournament/35/season/42422,404,https://www.sofascore.com/football/unique-tournament/35/season/42422,False,
Bundesliga,35,30,Germany,37236,21/22,discoveries,https://www.sofascore.com/football/unique-tournament/35/season/37236,404,https://www.sofascore.com/football/unique-tournament/35/season/37236,False,
Bundesliga,35,30,Germany,28220,20/21,discoveries,https://www.sofascore.com/football/unique-tournament/35/season/28220,404,https://www.sofascore.com/football/unique-tournament/35/season/28220,False,
Bundesliga,35,30,Germany,24098,19/20,discoveries,https://www.sofascore.com/football/unique-tournament/35/season/24098,404,https://www.sofascore.com/football/unique-tournament/35/season/24098,False,
Bundesliga,35,30,Germany,17344,18/19,discoveries,https://www.sofascore.com/football/unique-tournament/35/season/17344,404,https://www.sofascore.com/football/unique-tournament/35/season/17344,False,
Bundesliga,35,30,Germany,13634,17/18,discoveries,https://www.sofascore.com/football/unique-tournament/35/season/13634,404,https://www.sofascore.com/football/unique-tournament/35/season/13634,False,
Bundesliga,35,30,Germany,11987,16/17,discoveries,https://www.sofascore.com/football/unique-tournament/35/season/11987,404,https://www.sofascore.com/football/unique-tournament/35/season/11987,False,
Bundesliga,35,30,Germany,10432,15/16,discoveries,https://www.sofascore.com/football/unique-tournament/35/season/10432,404,https://www.sofascore.com/football/unique-tournament/35/season/10432,False,
Ligue 1,34,7,France,77356,25/26,discoveries,https://www.sofascore.com/football/unique-tournament/34/season/77356,404,https://www.sofascore.com/football/unique-tournament/34/season/77356,False,
Ligue 1,34,7,France,61736,24/25,discoveries,https://www.sofascore.com/football/unique-tournament/34/season/61736,404,https://www.sofascore.com/football/unique-tournament/34/season/61736,False,
Ligue 1,34,7,France,52571,23/24,discoveries,https://www.sofascore.com/football/unique-tournament/34/season/52571,404,https://www.sofascore.com/football/unique-tournament/34/season/52571,False,
Ligue 1,34,7,France,42273,22/23,discoveries,https://www.sofascore.com/football/unique-tournament/34/season/42273,404,https://www.sofascore.com/football/unique-tournament/34/season/42273,False,
Ligue 1,34,7,France,37167,21/22,discoveries,https://www.sofascore.com/football/unique-tournament/34/season/37167,404,https://www.sofascore.com/football/unique-tournament/34/season/37167,False,
Ligue 1,34,7,France,28222,20/21,discoveries,https://www.sofascore.com/football/unique-tournament/34/season/28222,404,https://www.sofascore.com/football/unique-tournament/34/season/28222,False,
Ligue 1,34,7,France,23872,19/20,discoveries,https://www.sofascore.com/football/unique-tournament/34/season/23872,404,https://www.sofascore.com/football/unique-tournament/34/season/23872,False,
Ligue 1,34,7,France,17279,18/19,discoveries,https://www.sofascore.com/football/unique-tournament/34/season/17279,404,https://www.sofascore.com/football/unique-tournament/34/season/17279,False,
Ligue 1,34,7,France,13384,17/18,discoveries,https://www.sofascore.com/football/unique-tournament/34/season/13384,404,https://www.sofascore.com/football/unique-tournament/34/season/13384,False,
Ligue 1,34,7,France,11648,16/17,discoveries,https://www.sofascore.com/football/unique-tournament/34/season/11648,404,https://www.sofascore.com/football/unique-tournament/34/season/11648,False,
Ligue 1,34,7,France,10373,15/16,discoveries,https://www.sofascore.com/football/unique-tournament/34/season/10373,404,https://www.sofascore.com/football/unique-tournament/34/season/10373,False,
J1 League,196,52,Japan,87931,2026,discoveries,https://www.sofascore.com/football/unique-tournament/196/season/87931,404,https://www.sofascore.com/football/unique-tournament/196/season/87931,False,
J1 League,196,52,Japan,69871,2025,discoveries,https://www.sofascore.com/football/unique-tournament/196/season/69871,404,https://www.sofascore.com/football/unique-tournament/196/season/69871,False,
J1 League,196,52,Japan,57353,2024,discoveries,https://www.sofascore.com/football/unique-tournament/196/season/57353,404,https://www.sofascore.com/football/unique-tournament/196/season/57353,False,
J1 League,196,52,Japan,48055,2023,discoveries,https://www.sofascore.com/football/unique-tournament/196/season/48055,404,https://www.sofascore.com/football/unique-tournament/196/season/48055,False,
J1 League,196,52,Japan,40230,2022,discoveries,https://www.sofascore.com/football/unique-tournament/196/season/40230,404,https://www.sofascore.com/football/unique-tournament/196/season/40230,False,
J1 League,196,52,Japan,35273,2021,discoveries,https://www.sofascore.com/football/unique-tournament/196/season/35273,404,https://www.sofascore.com/football/unique-tournament/196/season/35273,False,
J1 League,196,52,Japan,27042,2020,discoveries,https://www.sofascore.com/football/unique-tournament/196/season/27042,404,https://www.sofascore.com/football/unique-tournament/196/season/27042,False,
J1 League,196,52,Japan,22479,2019,discoveries,https://www.sofascore.com/football/unique-tournament/196/season/22479,404,https://www.sofascore.com/football/unique-tournament/196/season/22479,False,
J1 League,196,52,Japan,16004,2018,discoveries,https://www.sofascore.com/football/unique-tournament/196/season/16004,404,https://www.sofascore.com/football/unique-tournament/196/season/16004,False,
J1 League,196,52,Japan,12879,2017,discoveries,https://www.sofascore.com/football/unique-tournament/196/season/12879,404,https://www.sofascore.com/football/unique-tournament/196/season/12879,False,
J1 League,196,52,Japan,11307,2016,discoveries,https://www.sofascore.com/football/unique-tournament/196/season/11307,404,https://www.sofascore.com/football/unique-tournament/196/season/11307,False,
J1 League,196,52,Japan,9765,2015,discoveries,https://www.sofascore.com/football/unique-tournament/196/season/9765,404,https://www.sofascore.com/football/unique-tournament/196/season/9765,False,
J1 League,196,52,Japan,7714,2014,discoveries,https://www.sofascore.com/football/unique-tournament/196/season/7714,404,https://www.sofascore.com/football/unique-tournament/196/season/7714,False,
J1 League,196,52,Japan,5916,2013,discoveries,https://www.sofascore.com/football/unique-tournament/196/season/5916,404,https://www.sofascore.com/football/unique-tournament/196/season/5916,False,
J1 League,196,52,Japan,4290,2012,discoveries,https://www.sofascore.com/football/unique-tournament/196/season/4290,404,https://www.sofascore.com/football/unique-tournament/196/season/4290,False,
J1 League,196,52,Japan,3227,2011,discoveries,https://www.sofascore.com/football/unique-tournament/196/season/3227,404,https://www.sofascore.com/football/unique-tournament/196/season/3227,False,
J1 League,196,52,Japan,2601,2010,discoveries,https://www.sofascore.com/football/unique-tournament/196/season/2601,404,https://www.sofascore.com/football/unique-tournament/196/season/2601,False,
J1 League,196,52,Japan,1979,2009,discoveries,https://www.sofascore.com/football/unique-tournament/196/season/1979,404,https://www.sofascore.com/football/unique-tournament/196/season/1979,False,
J1 League,196,52,Japan,610,2008,discoveries,https://www.sofascore.com/football/unique-tournament/196/season/610,404,https://www.sofascore.com/football/unique-tournament/196/season/610,False,
J1 League,196,52,Japan,814,2005,discoveries,https://www.sofascore.com/football/unique-tournament/196/season/814,404,https://www.sofascore.com/football/unique-tournament/196/season/814,False,
J1 League,196,52,Japan,813,2004,discoveries,https://www.sofascore.com/football/unique-tournament/196/season/813,404,https://www.sofascore.com/football/unique-tournament/196/season/813,False,
K League 1,410,291,South Korea,88606,2026,discoveries,https://www.sofascore.com/football/unique-tournament/410/season/88606,404,https://www.sofascore.com/football/unique-tournament/410/season/88606,False,
K League 1,410,291,South Korea,70830,2025,discoveries,https://www.sofascore.com/football/unique-tournament/410/season/70830,404,https://www.sofascore.com/football/unique-tournament/410/season/70830,False,
K League 1,410,291,South Korea,57878,2024,discoveries,https://www.sofascore.com/football/unique-tournament/410/season/57878,404,https://www.sofascore.com/football/unique-tournament/410/season/57878,False,
K League 1,410,291,South Korea,48379,2023,discoveries,https://www.sofascore.com/football/unique-tournament/410/season/48379,404,https://www.sofascore.com/football/unique-tournament/410/season/48379,False,
K League 1,410,291,South Korea,40409,2022,discoveries,https://www.sofascore.com/football/unique-tournament/410/season/40409,404,https://www.sofascore.com/football/unique-tournament/410/season/40409,False,
K League 1,410,291,South Korea,35558,2021,discoveries,https://www.sofascore.com/football/unique-tournament/410/season/35558,404,https://www.sofascore.com/football/unique-tournament/410/season/35558,False,
K League 1,410,291,South Korea,27192,2020,discoveries,https://www.sofascore.com/football/unique-tournament/410/season/27192,404,https://www.sofascore.com/football/unique-tournament/410/season/27192,False,
K League 1,410,291,South Korea,22409,2019,discoveries,https://www.sofascore.com/football/unique-tournament/410/season/22409,404,https://www.sofascore.com/football/unique-tournament/410/season/22409,False,
K League 1,410,291,South Korea,16193,2018,discoveries,https://www.sofascore.com/football/unique-tournament/410/season/16193,404,https://www.sofascore.com/football/unique-tournament/410/season/16193,False,
K League 1,410,291,South Korea,12908,2017,discoveries,https://www.sofascore.com/football/unique-tournament/410/season/12908,404,https://www.sofascore.com/football/unique-tournament/410/season/12908,False,
K League 1,410,291,South Korea,11290,2016,discoveries,https://www.sofascore.com/football/unique-tournament/410/season/11290,404,https://www.sofascore.com/football/unique-tournament/410/season/11290,False,
K League 1,410,291,South Korea,9792,2015,discoveries,https://www.sofascore.com/football/unique-tournament/410/season/9792,404,https://www.sofascore.com/football/unique-tournament/410/season/9792,False,
K League 1,410,291,South Korea,7840,2014,discoveries,https://www.sofascore.com/football/unique-tournament/410/season/7840,404,https://www.sofascore.com/football/unique-tournament/410/season/7840,False,
K League 1,410,291,South Korea,5944,2013,discoveries,https://www.sofascore.com/football/unique-tournament/410/season/5944,404,https://www.sofascore.com/football/unique-tournament/410/season/5944,False,
K League 1,410,291,South Korea,4298,2012,discoveries,https://www.sofascore.com/football/unique-tournament/410/season/4298,404,https://www.sofascore.com/football/unique-tournament/410/season/4298,False,
K League 1,410,291,South Korea,3280,2011,discoveries,https://www.sofascore.com/football/unique-tournament/410/season/3280,404,https://www.sofascore.com/football/unique-tournament/410/season/3280,False,
K League 1,410,291,South Korea,2612,2010,discoveries,https://www.sofascore.com/football/unique-tournament/410/season/2612,404,https://www.sofascore.com/football/unique-tournament/410/season/2612,False,
K League 1,410,291,South Korea,2012,2009,discoveries,https://www.sofascore.com/football/unique-tournament/410/season/2012,404,https://www.sofascore.com/football/unique-tournament/410/season/2012,False,
K League 1,410,291,South Korea,1277,2008,discoveries,https://www.sofascore.com/football/unique-tournament/410/season/1277,404,https://www.sofascore.com/football/unique-tournament/410/season/1277,False,
A-League Men,136,34,Australia,82603,25/26,discoveries,https://www.sofascore.com/football/unique-tournament/136/season/82603,404,https://www.sofascore.com/football/unique-tournament/136/season/82603,False,
A-League Men,136,34,Australia,64864,24/25,discoveries,https://www.sofascore.com/football/unique-tournament/136/season/64864,404,https://www.sofascore.com/football/unique-tournament/136/season/64864,False,
A-League Men,136,34,Australia,54447,23/24,discoveries,https://www.sofascore.com/football/unique-tournament/136/season/54447,404,https://www.sofascore.com/football/unique-tournament/136/season/54447,False,
A-League Men,136,34,Australia,44709,22/23,discoveries,https://www.sofascore.com/football/unique-tournament/136/season/44709,404,https://www.sofascore.com/football/unique-tournament/136/season/44709,False,
A-League Men,136,34,Australia,38979,21/22,discoveries,https://www.sofascore.com/football/unique-tournament/136/season/38979,404,https://www.sofascore.com/football/unique-tournament/136/season/38979,False,
A-League Men,136,34,Australia,34942,20/21,discoveries,https://www.sofascore.com/football/unique-tournament/136/season/34942,404,https://www.sofascore.com/football/unique-tournament/136/season/34942,False,
A-League Men,136,34,Australia,24802,19/20,discoveries,https://www.sofascore.com/football/unique-tournament/136/season/24802,404,https://www.sofascore.com/football/unique-tournament/136/season/24802,False,
A-League Men,136,34,Australia,17802,18/19,discoveries,https://www.sofascore.com/football/unique-tournament/136/season/17802,404,https://www.sofascore.com/football/unique-tournament/136/season/17802,False,
A-League Men,136,34,Australia,14404,17/18,discoveries,https://www.sofascore.com/football/unique-tournament/136/season/14404,404,https://www.sofascore.com/football/unique-tournament/136/season/14404,False,
A-League Men,136,34,Australia,11720,16/17,discoveries,https://www.sofascore.com/football/unique-tournament/136/season/11720,404,https://www.sofascore.com/football/unique-tournament/136/season/11720,False,
A-League Men,136,34,Australia,10431,15/16,discoveries,https://www.sofascore.com/football/unique-tournament/136/season/10431,404,https://www.sofascore.com/football/unique-tournament/136/season/10431,False,
Chinese Super League,649,99,China,90049,2026,discoveries,https://www.sofascore.com/football/unique-tournament/649/season/90049,404,https://www.sofascore.com/football/unique-tournament/649/season/90049,False,
Chinese Super League,649,99,China,71364,2025,discoveries,https://www.sofascore.com/football/unique-tournament/649/season/71364,404,https://www.sofascore.com/football/unique-tournament/649/season/71364,False,
Chinese Super League,649,99,China,58388,2024,discoveries,https://www.sofascore.com/football/unique-tournament/649/season/58388,404,https://www.sofascore.com/football/unique-tournament/649/season/58388,False,
Chinese Super League,649,99,China,49950,2023,discoveries,https://www.sofascore.com/football/unique-tournament/649/season/49950,404,https://www.sofascore.com/football/unique-tournament/649/season/49950,False,
Chinese Super League,649,99,China,41892,2022,discoveries,https://www.sofascore.com/football/unique-tournament/649/season/41892,404,https://www.sofascore.com/football/unique-tournament/649/season/41892,False,
Chinese Super League,649,99,China,36257,2021,discoveries,https://www.sofascore.com/football/unique-tournament/649/season/36257,404,https://www.sofascore.com/football/unique-tournament/649/season/36257,False,
Chinese Super League,649,99,China,28232,2020,discoveries,https://www.sofascore.com/football/unique-tournament/649/season/28232,404,https://www.sofascore.com/football/unique-tournament/649/season/28232,False,
Chinese Super League,649,99,China,22556,2019,discoveries,https://www.sofascore.com/football/unique-tournament/649/season/22556,404,https://www.sofascore.com/football/unique-tournament/649/season/22556,False,
Chinese Super League,649,99,China,16186,2018,discoveries,https://www.sofascore.com/football/unique-tournament/649/season/16186,404,https://www.sofascore.com/football/unique-tournament/649/season/16186,False,
Chinese Super League,649,99,China,12938,2017,discoveries,https://www.sofascore.com/football/unique-tournament/649/season/12938,404,https://www.sofascore.com/football/unique-tournament/649/season/12938,False,
Chinese Super League,649,99,China,11342,2016,discoveries,https://www.sofascore.com/football/unique-tournament/649/season/11342,404,https://www.sofascore.com/football/unique-tournament/649/season/11342,False,
Chinese Super League,649,99,China,9833,2015,discoveries,https://www.sofascore.com/football/unique-tournament/649/season/9833,404,https://www.sofascore.com/football/unique-tournament/649/season/9833,False,
Chinese Super League,649,99,China,7812,2014,discoveries,https://www.sofascore.com/football/unique-tournament/649/season/7812,404,https://www.sofascore.com/football/unique-tournament/649/season/7812,False,
Chinese Super League,649,99,China,5992,2013,discoveries,https://www.sofascore.com/football/unique-tournament/649/season/5992,404,https://www.sofascore.com/football/unique-tournament/649/season/5992,False,
Chinese Super League,649,99,China,4380,2012,discoveries,https://www.sofascore.com/football/unique-tournament/649/season/4380,404,https://www.sofascore.com/football/unique-tournament/649/season/4380,False,
Chinese Super League,649,99,China,3297,2011,discoveries,https://www.sofascore.com/football/unique-tournament/649/season/3297,404,https://www.sofascore.com/football/unique-tournament/649/season/3297,False,
Chinese Super League,649,99,China,2671,2010,discoveries,https://www.sofascore.com/football/unique-tournament/649/season/2671,404,https://www.sofascore.com/football/unique-tournament/649/season/2671,False,
Chinese Super League,649,99,China,2061,2009,discoveries,https://www.sofascore.com/football/unique-tournament/649/season/2061,404,https://www.sofascore.com/football/unique-tournament/649/season/2061,False,
UCL,7,1465,europe,76953,25/26,discoveries,https://www.sofascore.com/football/unique-tournament/7/season/76953,404,https://www.sofascore.com/football/unique-tournament/7/season/76953,False,
UCL,7,1465,europe,61644,24/25,discoveries,https://www.sofascore.com/football/unique-tournament/7/season/61644,404,https://www.sofascore.com/football/unique-tournament/7/season/61644,False,
UCL,7,1465,europe,52162,23/24,discoveries,https://www.sofascore.com/football/unique-tournament/7/season/52162,404,https://www.sofascore.com/football/unique-tournament/7/season/52162,False,
UCL,7,1465,europe,41897,22/23,discoveries,https://www.sofascore.com/football/unique-tournament/7/season/41897,404,https://www.sofascore.com/football/unique-tournament/7/season/41897,False,
UCL,7,1465,europe,36886,21/22,discoveries,https://www.sofascore.com/football/unique-tournament/7/season/36886,404,https://www.sofascore.com/football/unique-tournament/7/season/36886,False,
UCL,7,1465,europe,29267,20/21,discoveries,https://www.sofascore.com/football/unique-tournament/7/season/29267,404,https://www.sofascore.com/football/unique-tournament/7/season/29267,False,
UCL,7,1465,europe,23766,19/20,discoveries,https://www.sofascore.com/football/unique-tournament/7/season/23766,404,https://www.sofascore.com/football/unique-tournament/7/season/23766,False,
UCL,7,1465,europe,17351,18/19,discoveries,https://www.sofascore.com/football/unique-tournament/7/season/17351,404,https://www.sofascore.com/football/unique-tournament/7/season/17351,False,
UCL,7,1465,europe,13415,17/18,discoveries,https://www.sofascore.com/football/unique-tournament/7/season/13415,404,https://www.sofascore.com/football/unique-tournament/7/season/13415,False,
UCL,7,1465,europe,11773,16/17,discoveries,https://www.sofascore.com/football/unique-tournament/7/season/11773,404,https://www.sofascore.com/football/unique-tournament/7/season/11773,False,
UCL,7,1465,europe,10390,15/16,discoveries,https://www.sofascore.com/football/unique-tournament/7/season/10390,404,https://www.sofascore.com/football/unique-tournament/7/season/10390,False,
UEL,679,1465,europe,76984,25/26,discoveries,https://www.sofascore.com/football/unique-tournament/679/season/76984,404,https://www.sofascore.com/football/unique-tournament/679/season/76984,False,
UEL,679,1465,europe,61645,24/25,discoveries,https://www.sofascore.com/football/unique-tournament/679/season/61645,404,https://www.sofascore.com/football/unique-tournament/679/season/61645,False,
UEL,679,1465,europe,53654,23/24,discoveries,https://www.sofascore.com/football/unique-tournament/679/season/53654,404,https://www.sofascore.com/football/unique-tournament/679/season/53654,False,
UEL,679,1465,europe,44509,22/23,discoveries,https://www.sofascore.com/football/unique-tournament/679/season/44509,404,https://www.sofascore.com/football/unique-tournament/679/season/44509,False,
UEL,679,1465,europe,37725,21/22,discoveries,https://www.sofascore.com/football/unique-tournament/679/season/37725,404,https://www.sofascore.com/football/unique-tournament/679/season/37725,False,
UEL,679,1465,europe,29343,20/21,discoveries,https://www.sofascore.com/football/unique-tournament/679/season/29343,404,https://www.sofascore.com/football/unique-tournament/679/season/29343,False,
UEL,679,1465,europe,23755,19/20,discoveries,https://www.sofascore.com/football/unique-tournament/679/season/23755,404,https://www.sofascore.com/football/unique-tournament/679/season/23755,False,
UEL,679,1465,europe,17352,18/19,discoveries,https://www.sofascore.com/football/unique-tournament/679/season/17352,404,https://www.sofascore.com/football/unique-tournament/679/season/17352,False,
UEL,679,1465,europe,13416,17/18,discoveries,https://www.sofascore.com/football/unique-tournament/679/season/13416,404,https://www.sofascore.com/football/unique-tournament/679/season/13416,False,
UEL,679,1465,europe,11774,16/17,discoveries,https://www.sofascore.com/football/unique-tournament/679/season/11774,404,https://www.sofascore.com/football/unique-tournament/679/season/11774,False,
UEL,679,1465,europe,10391,15/16,discoveries,https://www.sofascore.com/football/unique-tournament/679/season/10391,404,https://www.sofascore.com/football/unique-tournament/679/season/10391,False,
UECL,17015,1465,europe,76960,25/26,discoveries,https://www.sofascore.com/football/unique-tournament/17015/season/76960,404,https://www.sofascore.com/football/unique-tournament/17015/season/76960,False,
UECL,17015,1465,europe,61648,24/25,discoveries,https://www.sofascore.com/football/unique-tournament/17015/season/61648,404,https://www.sofascore.com/football/unique-tournament/17015/season/61648,False,
UECL,17015,1465,europe,52327,23/24,discoveries,https://www.sofascore.com/football/unique-tournament/17015/season/52327,404,https://www.sofascore.com/football/unique-tournament/17015/season/52327,False,
UECL,17015,1465,europe,42224,22/23,discoveries,https://www.sofascore.com/football/unique-tournament/17015/season/42224,404,https://www.sofascore.com/football/unique-tournament/17015/season/42224,False,
UECL,17015,1465,europe,37074,21/22,discoveries,https://www.sofascore.com/football/unique-tournament/17015/season/37074,404,https://www.sofascore.com/football/unique-tournament/17015/season/37074,False,
AFC Champions League,463,1467,asia,77010,25/26,discoveries,https://www.sofascore.com/football/unique-tournament/463/season/77010,404,https://www.sofascore.com/football/unique-tournament/463/season/77010,False,
AFC Champions League,463,1467,asia,62485,24/25,discoveries,https://www.sofascore.com/football/unique-tournament/463/season/62485,404,https://www.sofascore.com/football/unique-tournament/463/season/62485,False,
AFC Champions League,463,1467,asia,52561,23/24,discoveries,https://www.sofascore.com/football/unique-tournament/463/season/52561,404,https://www.sofascore.com/football/unique-tournament/463/season/52561,False,
AFC Champions League,463,1467,asia,40457,2022,discoveries,https://www.sofascore.com/football/unique-tournament/463/season/40457,404,https://www.sofascore.com/football/unique-tournament/463/season/40457,False,
AFC Champions League,463,1467,asia,35410,2021,discoveries,https://www.sofascore.com/football/unique-tournament/463/season/35410,404,https://www.sofascore.com/football/unique-tournament/463/season/35410,False,
AFC Champions League,463,1467,asia,26783,2020,discoveries,https://www.sofascore.com/football/unique-tournament/463/season/26783,404,https://www.sofascore.com/football/unique-tournament/463/season/26783,False,
AFC Champions League,463,1467,asia,20011,2019,discoveries,https://www.sofascore.com/football/unique-tournament/463/season/20011,404,https://www.sofascore.com/football/unique-tournament/463/season/20011,False,
AFC Champions League,463,1467,asia,15848,2018,discoveries,https://www.sofascore.com/football/unique-tournament/463/season/15848,404,https://www.sofascore.com/football/unique-tournament/463/season/15848,False,
AFC Champions League,463,1467,asia,12773,2017,discoveries,https://www.sofascore.com/football/unique-tournament/463/season/12773,404,https://www.sofascore.com/football/unique-tournament/463/season/12773,False,
AFC Champions League,463,1467,asia,11095,2016,discoveries,https://www.sofascore.com/football/unique-tournament/463/season/11095,404,https://www.sofascore.com/football/unique-tournament/463/season/11095,False,
AFC Champions League,463,1467,asia,9627,2015,discoveries,https://www.sofascore.com/football/unique-tournament/463/season/9627,404,https://www.sofascore.com/football/unique-tournament/463/season/9627,False,
AFC Champions League,463,1467,asia,7552,2014,discoveries,https://www.sofascore.com/football/unique-tournament/463/season/7552,404,https://www.sofascore.com/football/unique-tournament/463/season/7552,False,
AFC Champions League,463,1467,asia,5732,2013,discoveries,https://www.sofascore.com/football/unique-tournament/463/season/5732,404,https://www.sofascore.com/football/unique-tournament/463/season/5732,False,
AFC Champions League,463,1467,asia,4148,2012,discoveries,https://www.sofascore.com/football/unique-tournament/463/season/4148,404,https://www.sofascore.com/football/unique-tournament/463/season/4148,False,
AFC Champions League,463,1467,asia,3150,2011,discoveries,https://www.sofascore.com/football/unique-tournament/463/season/3150,404,https://www.sofascore.com/football/unique-tournament/463/season/3150,False,
AFC Champions League,463,1467,asia,2534,2010,discoveries,https://www.sofascore.com/football/unique-tournament/463/season/2534,404,https://www.sofascore.com/football/unique-tournament/463/season/2534,False,
AFC Champions League,463,1467,asia,2010,2009,discoveries,https://www.sofascore.com/football/unique-tournament/463/season/2010,404,https://www.sofascore.com/football/unique-tournament/463/season/2010,False,
AFC Champions League,463,1467,asia,1549,2008,discoveries,https://www.sofascore.com/football/unique-tournament/463/season/1549,404,https://www.sofascore.com/football/unique-tournament/463/season/1549,False,
FA Cup,19,1,England,82557,25/26,discoveries,https://www.sofascore.com/football/unique-tournament/19/season/82557,404,https://www.sofascore.com/football/unique-tournament/19/season/82557,False,
FA Cup,19,1,England,67958,24/25,discoveries,https://www.sofascore.com/football/unique-tournament/19/season/67958,404,https://www.sofascore.com/football/unique-tournament/19/season/67958,False,
FA Cup,19,1,England,55978,23/24,discoveries,https://www.sofascore.com/football/unique-tournament/19/season/55978,404,https://www.sofascore.com/football/unique-tournament/19/season/55978,False,
FA Cup,19,1,England,41913,22/23,discoveries,https://www.sofascore.com/football/unique-tournament/19/season/41913,404,https://www.sofascore.com/football/unique-tournament/19/season/41913,False,
FA Cup,19,1,England,39384,21/22,discoveries,https://www.sofascore.com/football/unique-tournament/19/season/39384,404,https://www.sofascore.com/football/unique-tournament/19/season/39384,False,
FA Cup,19,1,England,34650,20/21,discoveries,https://www.sofascore.com/football/unique-tournament/19/season/34650,404,https://www.sofascore.com/football/unique-tournament/19/season/34650,False,
FA Cup,19,1,England,25944,19/20,discoveries,https://www.sofascore.com/football/unique-tournament/19/season/25944,404,https://www.sofascore.com/football/unique-tournament/19/season/25944,False,
FA Cup,19,1,England,19402,18/19,discoveries,https://www.sofascore.com/football/unique-tournament/19/season/19402,404,https://www.sofascore.com/football/unique-tournament/19/season/19402,False,
FA Cup,19,1,England,15100,17/18,discoveries,https://www.sofascore.com/football/unique-tournament/19/season/15100,404,https://www.sofascore.com/football/unique-tournament/19/season/15100,False,
FA Cup,19,1,England,12550,16/17,discoveries,https://www.sofascore.com/football/unique-tournament/19/season/12550,404,https://www.sofascore.com/football/unique-tournament/19/season/12550,False,
FA Cup,19,1,England,11016,15/16,discoveries,https://www.sofascore.com/football/unique-tournament/19/season/11016,404,https://www.sofascore.com/football/unique-tournament/19/season/11016,False,
EFL Cup,21,1,England,77500,25/26,discoveries,https://www.sofascore.com/football/unique-tournament/21/season/77500,404,https://www.sofascore.com/football/unique-tournament/21/season/77500,False,
EFL Cup,21,1,England,62483,24/25,discoveries,https://www.sofascore.com/football/unique-tournament/21/season/62483,404,https://www.sofascore.com/football/unique-tournament/21/season/62483,False,
EFL Cup,21,1,England,52393,23/24,discoveries,https://www.sofascore.com/football/unique-tournament/21/season/52393,404,https://www.sofascore.com/football/unique-tournament/21/season/52393,False,
EFL Cup,21,1,England,42443,22/23,discoveries,https://www.sofascore.com/football/unique-tournament/21/season/42443,404,https://www.sofascore.com/football/unique-tournament/21/season/42443,False,
EFL Cup,21,1,England,37177,21/22,discoveries,https://www.sofascore.com/football/unique-tournament/21/season/37177,404,https://www.sofascore.com/football/unique-tournament/21/season/37177,False,
EFL Cup,21,1,England,29404,20/21,discoveries,https://www.sofascore.com/football/unique-tournament/21/season/29404,404,https://www.sofascore.com/football/unique-tournament/21/season/29404,False,
EFL Cup,21,1,England,24004,19/20,discoveries,https://www.sofascore.com/football/unique-tournament/21/season/24004,404,https://www.sofascore.com/football/unique-tournament/21/season/24004,False,
EFL Cup,21,1,England,17400,18/19,discoveries,https://www.sofascore.com/football/unique-tournament/21/season/17400,404,https://www.sofascore.com/football/unique-tournament/21/season/17400,False,
EFL Cup,21,1,England,13389,17/18,discoveries,https://www.sofascore.com/football/unique-tournament/21/season/13389,404,https://www.sofascore.com/football/unique-tournament/21/season/13389,False,
EFL Cup,21,1,England,11794,16/17,discoveries,https://www.sofascore.com/football/unique-tournament/21/season/11794,404,https://www.sofascore.com/football/unique-tournament/21/season/11794,False,
EFL Cup,21,1,England,10397,15/16,discoveries,https://www.sofascore.com/football/unique-tournament/21/season/10397,404,https://www.sofascore.com/football/unique-tournament/21/season/10397,False,
Copa del Rey,329,32,Spain,82988,25/26,discoveries,https://www.sofascore.com/football/unique-tournament/329/season/82988,404,https://www.sofascore.com/football/unique-tournament/329/season/82988,False,
Copa del Rey,329,32,Spain,66885,24/25,discoveries,https://www.sofascore.com/football/unique-tournament/329/season/66885,404,https://www.sofascore.com/football/unique-tournament/329/season/66885,False,
Copa del Rey,329,32,Spain,55373,23/24,discoveries,https://www.sofascore.com/football/unique-tournament/329/season/55373,404,https://www.sofascore.com/football/unique-tournament/329/season/55373,False,
Copa del Rey,329,32,Spain,46493,22/23,discoveries,https://www.sofascore.com/football/unique-tournament/329/season/46493,404,https://www.sofascore.com/football/unique-tournament/329/season/46493,False,
Copa del Rey,329,32,Spain,39457,21/22,discoveries,https://www.sofascore.com/football/unique-tournament/329/season/39457,404,https://www.sofascore.com/football/unique-tournament/329/season/39457,False,
Copa del Rey,329,32,Spain,34681,20/21,discoveries,https://www.sofascore.com/football/unique-tournament/329/season/34681,404,https://www.sofascore.com/football/unique-tournament/329/season/34681,False,
Copa del Rey,329,32,Spain,26137,19/20,discoveries,https://www.sofascore.com/football/unique-tournament/329/season/26137,404,https://www.sofascore.com/football/unique-tournament/329/season/26137,False,
Copa del Rey,329,32,Spain,18173,18/19,discoveries,https://www.sofascore.com/football/unique-tournament/329/season/18173,404,https://www.sofascore.com/football/unique-tournament/329/season/18173,False,
Copa del Rey,329,32,Spain,14023,17/18,discoveries,https://www.sofascore.com/football/unique-tournament/329/season/14023,404,https://www.sofascore.com/football/unique-tournament/329/season/14023,False,
Copa del Rey,329,32,Spain,11974,16/17,discoveries,https://www.sofascore.com/football/unique-tournament/329/season/11974,404,https://www.sofascore.com/football/unique-tournament/329/season/11974,False,
Copa del Rey,329,32,Spain,10551,15/16,discoveries,https://www.sofascore.com/football/unique-tournament/329/season/10551,404,https://www.sofascore.com/football/unique-tournament/329/season/10551,False,
Coppa Italia,328,31,Italy,77308,25/26,discoveries,https://www.sofascore.com/football/unique-tournament/328/season/77308,404,https://www.sofascore.com/football/unique-tournament/328/season/77308,False,
Coppa Italia,328,31,Italy,63668,24/25,discoveries,https://www.sofascore.com/football/unique-tournament/328/season/63668,404,https://www.sofascore.com/football/unique-tournament/328/season/63668,False,
Coppa Italia,328,31,Italy,53505,23/24,discoveries,https://www.sofascore.com/football/unique-tournament/328/season/53505,404,https://www.sofascore.com/football/unique-tournament/328/season/53505,False,
Coppa Italia,328,31,Italy,42742,22/23,discoveries,https://www.sofascore.com/football/unique-tournament/328/season/42742,404,https://www.sofascore.com/football/unique-tournament/328/season/42742,False,
Coppa Italia,328,31,Italy,37611,21/22,discoveries,https://www.sofascore.com/football/unique-tournament/328/season/37611,404,https://www.sofascore.com/football/unique-tournament/328/season/37611,False,
Coppa Italia,328,31,Italy,32628,20/21,discoveries,https://www.sofascore.com/football/unique-tournament/328/season/32628,404,https://www.sofascore.com/football/unique-tournament/328/season/32628,False,
Coppa Italia,328,31,Italy,24519,19/20,discoveries,https://www.sofascore.com/football/unique-tournament/328/season/24519,404,https://www.sofascore.com/football/unique-tournament/328/season/24519,False,
Coppa Italia,328,31,Italy,17945,18/19,discoveries,https://www.sofascore.com/football/unique-tournament/328/season/17945,404,https://www.sofascore.com/football/unique-tournament/328/season/17945,False,
Coppa Italia,328,31,Italy,13673,17/18,discoveries,https://www.sofascore.com/football/unique-tournament/328/season/13673,404,https://www.sofascore.com/football/unique-tournament/328/season/13673,False,
Coppa Italia,328,31,Italy,11949,16/17,discoveries,https://www.sofascore.com/football/unique-tournament/328/season/11949,404,https://www.sofascore.com/football/unique-tournament/328/season/11949,False,
Coppa Italia,328,31,Italy,10560,15/16,discoveries,https://www.sofascore.com/football/unique-tournament/328/season/10560,404,https://www.sofascore.com/football/unique-tournament/328/season/10560,False,
Coupe de France,335,7,France,85565,25/26,discoveries,https://www.sofascore.com/football/unique-tournament/335/season/85565,404,https://www.sofascore.com/football/unique-tournament/335/season/85565,False,
Coupe de France,335,7,France,68468,24/25,discoveries,https://www.sofascore.com/football/unique-tournament/335/season/68468,404,https://www.sofascore.com/football/unique-tournament/335/season/68468,False,
Coupe de France,335,7,France,56287,23/24,discoveries,https://www.sofascore.com/football/unique-tournament/335/season/56287,404,https://www.sofascore.com/football/unique-tournament/335/season/56287,False,
Coupe de France,335,7,France,47014,22/23,discoveries,https://www.sofascore.com/football/unique-tournament/335/season/47014,404,https://www.sofascore.com/football/unique-tournament/335/season/47014,False,
Coupe de France,335,7,France,39554,21/22,discoveries,https://www.sofascore.com/football/unique-tournament/335/season/39554,404,https://www.sofascore.com/football/unique-tournament/335/season/39554,False,
Coupe de France,335,7,France,35205,20/21,discoveries,https://www.sofascore.com/football/unique-tournament/335/season/35205,503,https://www.sofascore.com/football/unique-tournament/335/season/35205,False,
Coupe de France,335,7,France,26061,19/20,discoveries,https://www.sofascore.com/football/unique-tournament/335/season/26061,404,https://www.sofascore.com/football/unique-tournament/335/season/26061,False,
Coupe de France,335,7,France,19722,18/19,discoveries,https://www.sofascore.com/football/unique-tournament/335/season/19722,404,https://www.sofascore.com/football/unique-tournament/335/season/19722,False,
Coupe de France,335,7,France,15371,17/18,discoveries,https://www.sofascore.com/football/unique-tournament/335/season/15371,404,https://www.sofascore.com/football/unique-tournament/335/season/15371,False,
Coupe de France,335,7,France,12636,16/17,discoveries,https://www.sofascore.com/football/unique-tournament/335/season/12636,404,https://www.sofascore.com/football/unique-tournament/335/season/12636,False,
Coupe de France,335,7,France,10999,15/16,discoveries,https://www.sofascore.com/football/unique-tournament/335/season/10999,404,https://www.sofascore.com/football/unique-tournament/335/season/10999,False,
DFB Pokal,217,30,Germany,76910,25/26,discoveries,https://www.sofascore.com/football/unique-tournament/217/season/76910,404,https://www.sofascore.com/football/unique-tournament/217/season/76910,False,
DFB Pokal,217,30,Germany,61132,24/25,discoveries,https://www.sofascore.com/football/unique-tournament/217/season/61132,404,https://www.sofascore.com/football/unique-tournament/217/season/61132,False,
DFB Pokal,217,30,Germany,52284,23/24,discoveries,https://www.sofascore.com/football/unique-tournament/217/season/52284,404,https://www.sofascore.com/football/unique-tournament/217/season/52284,False,
DFB Pokal,217,30,Germany,41962,22/23,discoveries,https://www.sofascore.com/football/unique-tournament/217/season/41962,404,https://www.sofascore.com/football/unique-tournament/217/season/41962,False,
DFB Pokal,217,30,Germany,37289,21/22,discoveries,https://www.sofascore.com/football/unique-tournament/217/season/37289,404,https://www.sofascore.com/football/unique-tournament/217/season/37289,False,
DFB Pokal,217,30,Germany,29194,20/21,discoveries,https://www.sofascore.com/football/unique-tournament/217/season/29194,404,https://www.sofascore.com/football/unique-tournament/217/season/29194,False,
DFB Pokal,217,30,Germany,23877,19/20,discoveries,https://www.sofascore.com/football/unique-tournament/217/season/23877,404,https://www.sofascore.com/football/unique-tournament/217/season/23877,False,
DFB Pokal,217,30,Germany,17297,18/19,discoveries,https://www.sofascore.com/football/unique-tournament/217/season/17297,404,https://www.sofascore.com/football/unique-tournament/217/season/17297,False,
DFB Pokal,217,30,Germany,13373,17/18,discoveries,https://www.sofascore.com/football/unique-tournament/217/season/13373,404,https://www.sofascore.com/football/unique-tournament/217/season/13373,False,
DFB Pokal,217,30,Germany,11746,16/17,discoveries,https://www.sofascore.com/football/unique-tournament/217/season/11746,404,https://www.sofascore.com/football/unique-tournament/217/season/11746,False,
DFB Pokal,217,30,Germany,10347,15/16,discoveries,https://www.sofascore.com/football/unique-tournament/217/season/10347,404,https://www.sofascore.com/football/unique-tournament/217/season/10347,False,
J.League Cup,101,52,Japan,70910,2025,discoveries,https://www.sofascore.com/football/unique-tournament/101/season/70910,404,https://www.sofascore.com/football/unique-tournament/101/season/70910,False,
J.League Cup,101,52,Japan,58111,2024,discoveries,https://www.sofascore.com/football/unique-tournament/101/season/58111,404,https://www.sofascore.com/football/unique-tournament/101/season/58111,False,
J.League Cup,101,52,Japan,48588,2023,discoveries,https://www.sofascore.com/football/unique-tournament/101/season/48588,404,https://www.sofascore.com/football/unique-tournament/101/season/48588,False,
J.League Cup,101,52,Japan,40504,2022,discoveries,https://www.sofascore.com/football/unique-tournament/101/season/40504,404,https://www.sofascore.com/football/unique-tournament/101/season/40504,False,
J.League Cup,101,52,Japan,35588,2021,discoveries,https://www.sofascore.com/football/unique-tournament/101/season/35588,404,https://www.sofascore.com/football/unique-tournament/101/season/35588,False,
J.League Cup,101,52,Japan,27196,2020,discoveries,https://www.sofascore.com/football/unique-tournament/101/season/27196,404,https://www.sofascore.com/football/unique-tournament/101/season/27196,False,
J.League Cup,101,52,Japan,22631,2019,discoveries,https://www.sofascore.com/football/unique-tournament/101/season/22631,404,https://www.sofascore.com/football/unique-tournament/101/season/22631,False,
J.League Cup,101,52,Japan,16256,2018,discoveries,https://www.sofascore.com/football/unique-tournament/101/season/16256,404,https://www.sofascore.com/football/unique-tournament/101/season/16256,False,
J.League Cup,101,52,Japan,13015,2017,discoveries,https://www.sofascore.com/football/unique-tournament/101/season/13015,404,https://www.sofascore.com/football/unique-tournament/101/season/13015,False,
J.League Cup,101,52,Japan,11322,2016,discoveries,https://www.sofascore.com/football/unique-tournament/101/season/11322,404,https://www.sofascore.com/football/unique-tournament/101/season/11322,False,
J.League Cup,101,52,Japan,9766,2015,discoveries,https://www.sofascore.com/football/unique-tournament/101/season/9766,404,https://www.sofascore.com/football/unique-tournament/101/season/9766,False,
J.League Cup,101,52,Japan,7722,2014,discoveries,https://www.sofascore.com/football/unique-tournament/101/season/7722,404,https://www.sofascore.com/football/unique-tournament/101/season/7722,False,
J.League Cup,101,52,Japan,5988,2013,discoveries,https://www.sofascore.com/football/unique-tournament/101/season/5988,404,https://www.sofascore.com/football/unique-tournament/101/season/5988,False,
J.League Cup,101,52,Japan,4363,2012,discoveries,https://www.sofascore.com/football/unique-tournament/101/season/4363,404,https://www.sofascore.com/football/unique-tournament/101/season/4363,False,
J.League Cup,101,52,Japan,3268,2011,discoveries,https://www.sofascore.com/football/unique-tournament/101/season/3268,404,https://www.sofascore.com/football/unique-tournament/101/season/3268,False,
J.League Cup,101,52,Japan,2611,2010,discoveries,https://www.sofascore.com/football/unique-tournament/101/season/2611,404,https://www.sofascore.com/football/unique-tournament/101/season/2611,False,
J.League Cup,101,52,Japan,2009,2009,discoveries,https://www.sofascore.com/football/unique-tournament/101/season/2009,404,https://www.sofascore.com/football/unique-tournament/101/season/2009,False,
J.League Cup,101,52,Japan,1256,2008,discoveries,https://www.sofascore.com/football/unique-tournament/101/season/1256,404,https://www.sofascore.com/football/unique-tournament/101/season/1256,False,
Emperor's Cup,323,52,Japan,74217,2025,discoveries,https://www.sofascore.com/football/unique-tournament/323/season/74217,404,https://www.sofascore.com/football/unique-tournament/323/season/74217,False,
Emperor's Cup,323,52,Japan,60629,2024,discoveries,https://www.sofascore.com/football/unique-tournament/323/season/60629,404,https://www.sofascore.com/football/unique-tournament/323/season/60629,False,
Emperor's Cup,323,52,Japan,51378,2023,discoveries,https://www.sofascore.com/football/unique-tournament/323/season/51378,404,https://www.sofascore.com/football/unique-tournament/323/season/51378,False,
Emperor's Cup,323,52,Japan,41555,2022,discoveries,https://www.sofascore.com/football/unique-tournament/323/season/41555,404,https://www.sofascore.com/football/unique-tournament/323/season/41555,False,
Emperor's Cup,323,52,Japan,36765,2021,discoveries,https://www.sofascore.com/football/unique-tournament/323/season/36765,404,https://www.sofascore.com/football/unique-tournament/323/season/36765,False,
Emperor's Cup,323,52,Japan,32693,2020,discoveries,https://www.sofascore.com/football/unique-tournament/323/season/32693,404,https://www.sofascore.com/football/unique-tournament/323/season/32693,False,
Emperor's Cup,323,52,Japan,23546,2019,discoveries,https://www.sofascore.com/football/unique-tournament/323/season/23546,404,https://www.sofascore.com/football/unique-tournament/323/season/23546,False,
Emperor's Cup,323,52,Japan,17126,2018,discoveries,https://www.sofascore.com/football/unique-tournament/323/season/17126,404,https://www.sofascore.com/football/unique-tournament/323/season/17126,False,
Emperor's Cup,323,52,Japan,13400,2017,discoveries,https://www.sofascore.com/football/unique-tournament/323/season/13400,404,https://www.sofascore.com/football/unique-tournament/323/season/13400,False,
Emperor's Cup,323,52,Japan,12231,2016,discoveries,https://www.sofascore.com/football/unique-tournament/323/season/12231,404,https://www.sofascore.com/football/unique-tournament/323/season/12231,False,
Emperor's Cup,323,52,Japan,10786,2015,discoveries,https://www.sofascore.com/football/unique-tournament/323/season/10786,404,https://www.sofascore.com/football/unique-tournament/323/season/10786,False,
Emperor's Cup,323,52,Japan,8272,2014,discoveries,https://www.sofascore.com/football/unique-tournament/323/season/8272,404,https://www.sofascore.com/football/unique-tournament/323/season/8272,False,
Emperor's Cup,323,52,Japan,7118,2013,discoveries,https://www.sofascore.com/football/unique-tournament/323/season/7118,404,https://www.sofascore.com/football/unique-tournament/323/season/7118,False,
Emperor's Cup,323,52,Japan,5365,2012,discoveries,https://www.sofascore.com/football/unique-tournament/323/season/5365,404,https://www.sofascore.com/football/unique-tournament/323/season/5365,False,
Emperor's Cup,323,52,Japan,3887,2011,discoveries,https://www.sofascore.com/football/unique-tournament/323/season/3887,404,https://www.sofascore.com/football/unique-tournament/323/season/3887,False,
Emperor's Cup,323,52,Japan,3026,2010,discoveries,https://www.sofascore.com/football/unique-tournament/323/season/3026,404,https://www.sofascore.com/football/unique-tournament/323/season/3026,False,
Emperor's Cup,323,52,Japan,2446,2009,discoveries,https://www.sofascore.com/football/unique-tournament/323/season/2446,404,https://www.sofascore.com/football/unique-tournament/323/season/2446,False,
Emperor's Cup,323,52,Japan,1866,2008,discoveries,https://www.sofascore.com/football/unique-tournament/323/season/1866,404,https://www.sofascore.com/football/unique-tournament/323/season/1866,False,
Australia Cup,1786,34,Australia,75270,2025,discoveries,https://www.sofascore.com/football/unique-tournament/1786/season/75270,404,https://www.sofascore.com/football/unique-tournament/1786/season/75270,False,
Australia Cup,1786,34,Australia,61199,2024,discoveries,https://www.sofascore.com/football/unique-tournament/1786/season/61199,404,https://www.sofascore.com/football/unique-tournament/1786/season/61199,False,
Australia Cup,1786,34,Australia,52291,2023,discoveries,https://www.sofascore.com/football/unique-tournament/1786/season/52291,404,https://www.sofascore.com/football/unique-tournament/1786/season/52291,False,
Australia Cup,1786,34,Australia,40658,2022,discoveries,https://www.sofascore.com/football/unique-tournament/1786/season/40658,404,https://www.sofascore.com/football/unique-tournament/1786/season/40658,False,
Australia Cup,1786,34,Australia,37495,2021,discoveries,https://www.sofascore.com/football/unique-tournament/1786/season/37495,404,https://www.sofascore.com/football/unique-tournament/1786/season/37495,False,
Australia Cup,1786,34,Australia,22497,2019,discoveries,https://www.sofascore.com/football/unique-tournament/1786/season/22497,404,https://www.sofascore.com/football/unique-tournament/1786/season/22497,False,
Australia Cup,1786,34,Australia,16314,2018,discoveries,https://www.sofascore.com/football/unique-tournament/1786/season/16314,404,https://www.sofascore.com/football/unique-tournament/1786/season/16314,False,
Australia Cup,1786,34,Australia,13584,2017,discoveries,https://www.sofascore.com/football/unique-tournament/1786/season/13584,404,https://www.sofascore.com/football/unique-tournament/1786/season/13584,False,
Australia Cup,1786,34,Australia,11886,2016,discoveries,https://www.sofascore.com/football/unique-tournament/1786/season/11886,404,https://www.sofascore.com/football/unique-tournament/1786/season/11886,False,
Australia Cup,1786,34,Australia,10433,2015,discoveries,https://www.sofascore.com/football/unique-tournament/1786/season/10433,404,https://www.sofascore.com/football/unique-tournament/1786/season/10433,False,
Australia Cup,1786,34,Australia,8438,2014,discoveries,https://www.sofascore.com/football/unique-tournament/1786/season/8438,404,https://www.sofascore.com/football/unique-tournament/1786/season/8438,False,
Chinese FA Cup,882,99,China,11378,2015,discoveries,https://www.sofascore.com/football/unique-tournament/882/season/11378,404,https://www.sofascore.com/football/unique-tournament/882/season/11378,False,
Chinese FA Cup,882,99,China,11379,2016,discoveries,https://www.sofascore.com/football/unique-tournament/882/season/11379,404,https://www.sofascore.com/football/unique-tournament/882/season/11379,False,
Chinese FA Cup,882,99,China,11380,2017,discoveries,https://www.sofascore.com/football/unique-tournament/882/season/11380,404,https://www.sofascore.com/football/unique-tournament/882/season/11380,False,
Chinese FA Cup,882,99,China,11381,2018,discoveries,https://www.sofascore.com/football/unique-tournament/882/season/11381,404,https://www.sofascore.com/football/unique-tournament/882/season/11381,False,
Chinese FA Cup,882,99,China,11382,2019,discoveries,https://www.sofascore.com/football/unique-tournament/882/season/11382,404,https://www.sofascore.com/football/unique-tournament/882/season/11382,False,
Chinese FA Cup,882,99,China,11383,2020,discoveries,https://www.sofascore.com/football/unique-tournament/882/season/11383,404,https://www.sofascore.com/football/unique-tournament/882/season/11383,False,
Chinese FA Cup,882,99,China,11384,2021,discoveries,https://www.sofascore.com/football/unique-tournament/882/season/11384,404,https://www.sofascore.com/football/unique-tournament/882/season/11384,False,
Chinese FA Cup,882,99,China,11385,2022,discoveries,https://www.sofascore.com/football/unique-tournament/882/season/11385,404,https://www.sofascore.com/football/unique-tournament/882/season/11385,False,
Chinese FA Cup,882,99,China,11386,2023,discoveries,https://www.sofascore.com/football/unique-tournament/882/season/11386,404,https://www.sofascore.com/football/unique-tournament/882/season/11386,False,
Chinese FA Cup,882,99,China,11387,2024,discoveries,https://www.sofascore.com/football/unique-tournament/882/season/11387,404,https://www.sofascore.com/football/unique-tournament/882/season/11387,False,
Chinese FA Cup,882,99,China,11388,2025,discoveries,https://www.sofascore.com/football/unique-tournament/882/season/11388,404,https://www.sofascore.com/football/unique-tournament/882/season/11388,False,
AFC Champions League Two,668,1467,asia,97465,26/27,live_page_probe,,200,https://www.sofascore.com/football/tournament/asia/afc-cup/668#id:97465,True,derived from live tournament page because /seasons endpoint returns 403
